{
  "train_cohort": "BRFSS_2021",
  "test_cohort": "BRFSS_2015",
  "n_train": 189102,
  "n_test": 253680,
  "n_eval": 200,
  "prevalence_train": 0.14200801683747397,
  "prevalence_test": 0.13933301797540207,
  "income_max_2021": 11,
  "income_max_2015": 8,
  "external_auc": 0.8268678456574442,
  "external_brier": 0.09748110175132751,
  "comparison": {
    "validity": {
      "global": 0.7979999999999999,
      "per_query": 0.8290000000000001,
      "delta": 0.03100000000000014
    },
    "proximity_L1": {
      "global": 1.7854939393939395,
      "per_query": 1.9059863636363636,
      "delta": 0.12049242424242412
    },
    "sparsity": {
      "global": 0.06976190476190476,
      "per_query": 0.07309523809523809,
      "delta": 0.003333333333333327
    },
    "diversity": {
      "global": 17.1854,
      "per_query": 13.568,
      "delta": -3.6174000000000017
    },
    "plausibility_kNN50": {
      "global": 4.869729247135083,
      "per_query": 4.381305050548651,
      "delta": -0.48842419658643177
    },
    "actionability": {
      "global": 0.7134999999999999,
      "per_query": 0.9940000000000001,
      "delta": 0.2805000000000002
    },
    "wrong_direction_violations": {
      "global": 0.41700000000000004,
      "per_query": 0.0,
      "delta": -0.41700000000000004
    },
    "immutable_violations": {
      "global": 0.0,
      "per_query": 0.0,
      "delta": 0.0
    }
  }
}